Afinia	Afinia H+1(HS)	Afinia H+1(HS) 0.4 nozzle	207x255x230
Anker	Anker M5	Anker M5 0.4 nozzle	235x235x250
Anker	Anker M5 All-Metal Hot End	Anker M5 All-Metal 0.4 nozzle	235x235x250
Anker	Anker M5C	Anker M5C 0.4 nozzle	220x220x250
Anycubic	Anycubic 4Max Pro	Anycubic 4Max Pro 0.4 nozzle	270x205x200
Anycubic	Anycubic 4Max Pro 2	Anycubic 4Max Pro 2 0.4 nozzle	270x210x190
Anycubic	Anycubic Chiron	Anycubic Chiron 0.4 nozzle	400x400x450
Anycubic	Anycubic i3 Mega S	Anycubic i3 Mega S 0.4 nozzle	210x210x205
Anycubic	Anycubic Kobra	Anycubic Kobra 0.4 nozzle	220x220x250
Anycubic	Anycubic Kobra 2	Anycubic Kobra 2 0.4 nozzle	220x220x250
Anycubic	Anycubic Kobra 2 Max	Anycubic Kobra 2 Max 0.4 nozzle	420x420x500
Anycubic	Anycubic Kobra 2 Neo	Anycubic Kobra 2 Neo 0.4 nozzle	220x220x250
Anycubic	Anycubic Kobra 2 Plus	Anycubic Kobra 2 Plus 0.4 nozzle	320x320x400
Anycubic	Anycubic Kobra 2 Pro	Anycubic Kobra 2 Pro 0.4 nozzle	220x220x250
Anycubic	Anycubic Kobra 3	Anycubic Kobra 3 0.4 nozzle	255x255x260
Anycubic	Anycubic Kobra 3 Max	Anycubic Kobra 3 Max 0.4 nozzle	426x420x501
Anycubic	Anycubic Kobra Max	Anycubic Kobra Max 0.4 nozzle	400x400x450
Anycubic	Anycubic Kobra Neo	Anycubic Kobra Neo 0.4 nozzle	220x220x250
Anycubic	Anycubic Kobra Plus	Anycubic Kobra Plus 0.4 nozzle	300x300x350
Anycubic	Anycubic Kobra S1	Anycubic Kobra S1 0.4 nozzle	250x250x250
Anycubic	Anycubic Kobra S1 Max	Anycubic Kobra S1 Max 0.4 nozzle	350x350x350
Anycubic	Anycubic Kobra X	Anycubic Kobra X 0.4 nozzle	260x260x260
Anycubic	Anycubic Predator	Anycubic Predator 0.4 nozzle	370x370x455
Anycubic	Anycubic Vyper	Anycubic Vyper 0.4 nozzle	250x255x265
Artillery	Artillery Genius	Artillery Genius 0.4 nozzle	220x220x250
Artillery	Artillery Genius Pro	Artillery Genius Pro 0.4 nozzle	220x220x250
Artillery	Artillery Hornet	Artillery Hornet 0.4 nozzle	230x230x250
Artillery	Artillery M1 Pro	Artillery M1 Pro 0.4 nozzle	260x260x260
Artillery	Artillery Sidewinder X1	Artillery Sidewinder X1 0.4 nozzle	300x300x400
Artillery	Artillery Sidewinder X2	Artillery Sidewinder X2 0.4 nozzle	300x300x400
Artillery	Artillery Sidewinder X3 Plus	Artillery Sidewinder X3 Plus 0.4 nozzle	300x305x400
Artillery	Artillery Sidewinder X3 Pro	Artillery Sidewinder X3 Pro 0.4 nozzle	240x245x260
Artillery	Artillery Sidewinder X4 Plus	Artillery Sidewinder X4 Plus 0.4 nozzle	300x310x400
Artillery	Artillery Sidewinder X4 Pro	Artillery Sidewinder X4 Pro 0.4 nozzle	240x250x260
BBL	Bambu Lab A1	Bambu Lab A1 0.4 nozzle	256x256x256
BBL	Bambu Lab A1 mini	Bambu Lab A1 mini 0.4 nozzle	180x180x180
BBL	Bambu Lab H2S	Bambu Lab H2S 0.4 nozzle	340x320x340
BBL	Bambu Lab P1P	Bambu Lab P1P 0.4 nozzle	256x256x250
BBL	Bambu Lab P1S	Bambu Lab P1S 0.4 nozzle	256x256x250
BBL	Bambu Lab P2S	Bambu Lab P2S 0.4 nozzle	256x256x256
BBL	Bambu Lab X1	Bambu Lab X1 0.4 nozzle	256x256x250
BBL	Bambu Lab X1 Carbon	Bambu Lab X1 Carbon 0.4 nozzle	256x256x250
BBL	Bambu Lab X1E	Bambu Lab X1E 0.4 nozzle	256x256x250
BIQU	BIQU B1	BIQU B1 (0.4 nozzle)	235x235x270
BIQU	BIQU BX	BIQU BX (0.4 nozzle)	250x250x250
BIQU	BIQU Hurakan	BIQU Hurakan (0.4 nozzle)	220x220x270
Blocks	BLOCKS Pro S100	BLOCKS Pro S100 0.4 nozzle	1000x1000x900
Blocks	BLOCKS RD50 V2	BLOCKS RD50 V2 0.4 nozzle	500x500x500
Blocks	BLOCKS RF50	BLOCKS RF50 0.4 nozzle	500x500x500
Chuanying	Chuanying X1	Chuanying X1 0.4 Nozzle	220x220x220
Co Print	Co Print ChromaSet	Co Print ChromaSet 0.4 nozzle - Ender-3 V3 Plus	290x283x330
Co Print	Co Print ChromaSet	Co Print ChromaSet 0.4 nozzle - Ender-3 V3	180x173x250
Co Print	Co Print ChromaSet	Co Print ChromaSet 0.4 nozzle fast	225x225x250
Co Print	Co Print ChromaSet	Co Print ChromaSet 0.4 nozzle	225x225x250
CoLiDo	CoLiDo 160 V2	CoLiDo 160 V2 0.4 nozzle	160x160x180
CoLiDo	CoLiDo DIY 4.0	CoLiDo DIY 4.0 0.4 nozzle	225x220x230
CoLiDo	CoLiDo DIY 4.0 V2	CoLiDo DIY 4.0 V2 0.4 nozzle	230x230x255
CoLiDo	CoLiDo SR1	CoLiDo SR1 0.4 nozzle	220x220x251
CoLiDo	CoLiDo X16	CoLiDo X16 0.4 nozzle	160x160x180
Comgrow	Comgrow T300	Comgrow T300 0.4 nozzle	300x300x350
Comgrow	Comgrow T500	Comgrow T500 0.4 nozzle	500x500x500
CONSTRUCT3D	Construct 1	Construct 1 0.4 nozzle	225x260x180
Creality	Creality CR-10 Max	Creality CR-10 Max 0.4 nozzle	450x450x470
Creality	Creality CR-10 SE	Creality CR-10 SE 0.4 nozzle	220x220x265
Creality	Creality CR-10 V2	Creality CR-10 V2 0.4 nozzle	300x300x400
Creality	Creality CR-10 V3	Creality CR-10 V3 0.4 nozzle	300x300x400
Creality	Creality CR-6 Max	Creality CR-6 Max 0.4 nozzle	390x390x400
Creality	Creality CR-6 SE	Creality CR-6 SE 0.4 nozzle	225x235x250
Creality	Creality CR-M4	Creality CR-M4 0.4 nozzle	450x450x470
Creality	Creality Ender-3	Creality Ender-3 0.4 nozzle	220x220x250
Creality	Creality Ender-3 Pro	Creality Ender-3 Pro 0.4 nozzle	220x220x250
Creality	Creality Ender-3 S1	Creality Ender-3 S1 0.4 nozzle	220x220x270
Creality	Creality Ender-3 S1 Plus	Creality Ender-3 S1 Plus 0.4 nozzle	300x300x300
Creality	Creality Ender-3 S1 Pro	Creality Ender-3 S1 Pro 0.4 nozzle	220x220x270
Creality	Creality Ender-3 V2	Creality Ender-3 V2 0.4 nozzle	220x220x250
Creality	Creality Ender-3 V2 Neo	Creality Ender-3 V2 Neo 0.4 nozzle	220x220x250
Creality	Creality Ender-3 V3	Creality Ender-3 V3 0.4 nozzle	220x220x250
Creality	Creality Ender-3 V3 KE	Creality Ender-3 V3 KE 0.4 nozzle	220x220x245
Creality	Creality Ender-3 V3 Plus	Creality Ender-3 V3 Plus 0.4 nozzle	300x300x330
Creality	Creality Ender-3 V3 SE	Creality Ender-3 V3 SE 0.4 nozzle	220x220x250
Creality	Creality Ender-5	Creality Ender-5 0.4 nozzle	220x220x300
Creality	Creality Ender-5 Plus	Creality Ender-5 Plus 0.4 nozzle	350x350x400
Creality	Creality Ender-5 Pro (2019)	Creality Ender-5 Pro (2019) 0.4 nozzle	220x220x300
Creality	Creality Ender-5 S1	Creality Ender-5 S1 0.4 nozzle	220x220x300
Creality	Creality Ender-5S	Creality Ender-5S 0.4 nozzle	220x220x300
Creality	Creality Ender-6	Creality Ender-6 0.4 nozzle	250x250x400
Creality	Creality Hi	Creality Hi 0.4 nozzle	260x260x300
Creality	Creality K1	Creality K1 (0.4 nozzle)	220x220x250
Creality	Creality K1 Max	Creality K1 Max (0.4 nozzle)	300x300x300
Creality	Creality K1 SE	Creality K1 SE 0.4 nozzle	220x220x250
Creality	Creality K1C	Creality K1C 0.4 nozzle	220x220x250
Creality	Creality K2	Creality K2 0.4 nozzle	260x260x260
Creality	Creality K2 Plus	Creality K2 Plus 0.4 nozzle	350x350x350
Creality	Creality K2 Pro	Creality K2 Pro 0.4 nozzle	300x300x300
Creality	Creality Sermoon V1	Creality Sermoon V1 0.4 nozzle	175x175x165
Cubicon	Cubicon xCeler-I	Cubicon xCeler-I 0.4 nozzle	250x250x290
Cubicon	Cubicon xCeler-Mini	Cubicon xCeler-Mini 0.4 nozzle	150x150x150
Cubicon	Cubicon xCeler-Plus	Cubicon xCeler-Plus 0.4 nozzle	310x310x310
Custom	Generic Klipper Printer	MyKlipper 0.4 nozzle	250x250x250
Custom	Generic Marlin Printer	MyMarlin 0.4 nozzle	250x250x250
Custom	Generic Repetier Printer	MyRepetier 0.4 nozzle	250x250x250
Custom	Generic RRF Printer	MyRRF 0.4 nozzle	250x250x250
Dremel	Dremel 3D20	Dremel 3D20 0.4 nozzle	230x150x140
Dremel	Dremel 3D40	Dremel 3D40 0.4 nozzle	225x155x170
Dremel	Dremel 3D45	Dremel 3D45 0.4 nozzle	225x155x170
Elegoo	Elegoo Centauri	Elegoo Centauri 0.4 nozzle	256x256x256
Elegoo	Elegoo Centauri 2	Elegoo Centauri 2 0.4 nozzle	256x256x256
Elegoo	Elegoo Centauri Carbon	Elegoo Centauri Carbon 0.4 nozzle	256x256x256
Elegoo	Elegoo Centauri Carbon 2	Elegoo Centauri Carbon 2 0.4 nozzle	256x256x256
Elegoo	Elegoo Neptune	Elegoo Neptune 0.4 nozzle	210x210x200
Elegoo	Elegoo Neptune 2	Elegoo Neptune 2 0.4 nozzle	235x235x250
Elegoo	Elegoo Neptune 2S	Elegoo Neptune 2S 0.4 nozzle	235x235x250
Elegoo	Elegoo Neptune 3	Elegoo Neptune 3 0.4 nozzle	235x235x280
Elegoo	Elegoo Neptune 3 Max	Elegoo Neptune 3 Max 0.4 nozzle	425x425x500
Elegoo	Elegoo Neptune 3 Plus	Elegoo Neptune 3 Plus 0.4 nozzle	325x325x400
Elegoo	Elegoo Neptune 3 Pro	Elegoo Neptune 3 Pro 0.4 nozzle	230x230x280
Elegoo	Elegoo Neptune 4	Elegoo Neptune 4 0.4 nozzle	230x230x265
Elegoo	Elegoo Neptune 4 Max	Elegoo Neptune 4 Max 0.4 nozzle	426x426x480
Elegoo	Elegoo Neptune 4 Plus	Elegoo Neptune 4 Plus 0.4 nozzle	325x325x385
Elegoo	Elegoo Neptune 4 Pro	Elegoo Neptune 4 Pro 0.4 nozzle	230x230x265
Elegoo	Elegoo Neptune X	Elegoo Neptune X 0.4 nozzle	235x235x300
Elegoo	Elegoo OrangeStorm Giga	Elegoo OrangeStorm Giga 0.4 nozzle	810x805x1010
Eryone	Eryone ER20	Eryone ER20 0.4 nozzle	243x220x200
Eryone	Eryone ER20 Klipper	Eryone ER20 Klipper 0.4 nozzle	243x220x190
Eryone	Thinker X400	Thinker X400 0.4 nozzle	400x400x400
Flashforge	Flashforge AD5X	Flashforge AD5X 0.4 nozzle	220x220x220
Flashforge	Flashforge Adventurer 4 Series	Flashforge Adventurer 4 Series 0.4 Nozzle	220x200x250
Flashforge	Flashforge Adventurer 4 Series	Flashforge Adventurer 4 Series HS Nozzle	220x200x250
Flashforge	Flashforge Adventurer 5M	Flashforge Adventurer 5M 0.4 Nozzle	220x220x220
Flashforge	Flashforge Adventurer 5M Pro	Flashforge Adventurer 5M Pro 0.4 Nozzle	220x220x220
Flashforge	Flashforge Artemis	Flashforge Artemis 0.4 Nozzle	190x195x200
Flashforge	Flashforge Guider 2s	Flashforge Guider 2s 0.4 nozzle	280x250x300
Flashforge	Flashforge Guider 3 Ultra	Flashforge Guider 3 Ultra 0.4 Nozzle	300x330x600
Flashforge	Flashforge Guider4	Flashforge Guider4 0.4 HF nozzle	300x300x300
Flashforge	Flashforge Guider4	Flashforge Guider4 0.4 nozzle	300x300x300
Flashforge	Flashforge Guider4 Pro	Flashforge Guider4 Pro 0.4 HF nozzle	300x300x300
Flashforge	Flashforge Guider4 Pro	Flashforge Guider4 Pro 0.4 nozzle	300x300x300
FLSun	FLSun Q5	FLSun Q5 0.4 nozzle	200x200x200
FLSun	FLSun QQ-S Pro	FLSun QQ-S Pro 0.4 nozzle	260x260x360
FLSun	FLSun S1	FLSun S1 0.4 nozzle	320x320x430
FLSun	FLSun Super Racer (SR)	FLSun Super Racer 0.4 nozzle	270x270x330
FLSun	FLSun T1	FLSun T1 0.4 nozzle	260x260x330
FLSun	FLSun V400	FLSun V400 0.4 nozzle	300x300x410
FlyingBear	FlyingBear Ghost 6	FlyingBear Ghost 6 0.4 nozzle	255x210x210
FlyingBear	FlyingBear Ghost7	FlyingBear Ghost7 0.4 nozzle	250x250x205
FlyingBear	FlyingBear Reborn3	FlyingBear Reborn3 0.4 nozzle	300x300x350
FlyingBear	FlyingBear S1	FlyingBear S1 0.4 nozzle	220x220x250
Folgertech	Folgertech FT-5	Folgertech FT-5 0.4 nozzle	300x300x400
Folgertech	Folgertech FT-6	Folgertech FT-6 0.4 nozzle	700x350x400
Folgertech	Folgertech i3	Folgertech i3 0.4 nozzle	200x200x175
Geeetech	Geeetech A10 M	Geeetech A10 M 0.4 nozzle	220x220x260
Geeetech	Geeetech A10 Pro	Geeetech A10 Pro 0.4 nozzle	220x220x260
Geeetech	Geeetech A10 T	Geeetech A10 T 0.4 nozzle	220x220x260
Geeetech	Geeetech A20	Geeetech A20 0.4 nozzle	250x250x260
Geeetech	Geeetech A20 M	Geeetech A20 M 0.4 nozzle	250x250x260
Geeetech	Geeetech A20 T	Geeetech A20 T 0.4 nozzle	250x250x260
Geeetech	Geeetech A30 M	Geeetech A30 M 0.4 nozzle	320x320x420
Geeetech	Geeetech A30 Pro	Geeetech A30 Pro 0.4 nozzle	320x320x420
Geeetech	Geeetech A30 T	Geeetech A30 T 0.4 nozzle	320x320x420
Geeetech	Geeetech M1	Geeetech M1 0.4 nozzle	105x105x95
Geeetech	Geeetech Mizar	Geeetech Mizar 0.4 nozzle	220x220x260
Geeetech	Geeetech Mizar M	Geeetech Mizar M 0.4 nozzle	255x255x260
Geeetech	Geeetech Mizar Max	Geeetech Mizar Max 0.4 nozzle	320x320x400
Geeetech	Geeetech Mizar Pro	Geeetech Mizar Pro 0.4 nozzle	220x220x260
Geeetech	Geeetech Mizar S	Geeetech Mizar S 0.4 nozzle	255x255x260
Geeetech	Geeetech Thunder	Geeetech Thunder 0.4 nozzle	250x250x260
InfiMech	InfiMech EX	InfiMech EX 0.4 nozzle	250x250x205
InfiMech	InfiMech EX+APS	InfiMech EX+APS 0.4 nozzle	250x250x167
InfiMech	InfiMech TX	InfiMech TX 0.4 nozzle	220x220x250
InfiMech	InfiMech TX Hardened Steel Nozzle	InfiMech TX HSN 0.4 nozzle	220x220x250
Kingroon	Kingroon KLP1	Kingroon KLP1 0.4 nozzle	230x230x210
Kingroon	Kingroon KP3S 3.0	Kingroon KP3S 3.0 0.4 nozzle	180x180x180
Kingroon	Kingroon KP3S PRO S1	Kingroon KP3S PRO S1 0.4 nozzle	200x200x200
Kingroon	Kingroon KP3S PRO V2	Kingroon KP3S PRO V2 0.4 nozzle	205x205x200
Kingroon	Kingroon KP3S V1	Kingroon KP3S V1 0.4 nozzle	180x180x180
LH	LH Stinger	LH Stinger 0.4 nozzle	200x200x180
LH	LH Stinger MMU	LH Stinger MMU 0.4 nozzle	200x200x180
LONGER	LONGER LK10	LONGER LK10 (0.4 nozzle)	225x225x265
LONGER	LONGER LK10 Plus	LONGER LK10 Plus (0.4 nozzle)	320x320x400
MagicMaker	MM BoneKing	MM BoneKing 0.4 nozzle	310x306x300
MagicMaker	MM hj SK	MM hj SK 0.4 nozzle	220x210x300
MagicMaker	MM hqs hj	MM hqs hj 0.4 nozzle	220x210x300
MagicMaker	MM hqs SF	MM hqs SF 0.4 nozzle	220x210x300
MagicMaker	MM slb	MM slb 0.4 nozzle	125x125x160
Mellow	M1	M1 0.4 nozzle	106x106x100
OpenEYE	OpenEYE Peacock V2	OpenEYE Peacock V2 0.4 nozzle	234x228x200
OrcaArena	Orca Arena X1 Carbon	Orca Arena X1 Carbon 0.4 nozzle	256x256x250
Peopoly	Peopoly Magneto X	Peopoly Magneto X 0.4 nozzle	300x400x300
Phrozen	Phrozen Arco	Phrozen Arco 0.4 nozzle	300x300x300
Positron3D	The Positron	The Positron 0.4 nozzle	180x180x165
Prusa	Prusa CORE One	Prusa CORE One 0.4 nozzle	250x220x270
Prusa	Prusa CORE One HF	Prusa CORE One HF 0.4 nozzle	250x220x270
Prusa	Prusa CORE One L	Prusa CORE One L 0.4 nozzle	300x300x331
Prusa	Prusa CORE One L HF	Prusa CORE One L HF 0.4 nozzle	300x300x331
Prusa	Prusa MINI	Prusa MINI 0.4 nozzle	180x180x180
Prusa	Prusa MINI IS	Prusa MINIIS 0.4 nozzle	180x180x180
Prusa	Prusa MK3.5	Prusa MK3.5 0.4 nozzle	250x210x210
Prusa	Prusa MK3S	Prusa MK3S 0.4 nozzle	250x210x210
Prusa	Prusa MK4	Prusa MK4 0.4 nozzle	250x210x220
Prusa	Prusa MK4S	Prusa MK4S 0.4 nozzle	250x210x220
Prusa	Prusa MK4S HF	Prusa MK4S HF0.4 nozzle	250x210x220
Prusa	Prusa XL	Prusa XL 0.4 nozzle	360x360x360
Qidi	Qidi Q1 Pro	Qidi Q1 Pro 0.4 nozzle	245x245x240
Qidi	Qidi Q2	Qidi Q2 0.4 nozzle	270x270x256
Qidi	Qidi Q2C	Qidi Q2C 0.4 nozzle	270x270x256
Qidi	Qidi X-CF Pro	Qidi X-CF Pro 0.4 nozzle	300x250x300
Qidi	Qidi X-Max	Qidi X-Max 0.4 nozzle	300x250x300
Qidi	Qidi X-Max 3	Qidi X-Max 3 0.4 nozzle	325x325x315
Qidi	Qidi X-Max 4	Qidi X-Max 4 0.4 nozzle	390x390x340
Qidi	Qidi X-Plus	Qidi X-Plus 0.4 nozzle	270x200x200
Qidi	Qidi X-Plus 3	Qidi X-Plus 3 0.4 nozzle	280x280x270
Qidi	Qidi X-Plus 4	Qidi X-Plus 4 0.4 nozzle	305x305x280
Qidi	Qidi X-Smart 3	Qidi X-Smart 3 0.4 nozzle	175x180x170
Ratrig	RatRig V-Cast	RatRig V-Cast 0.4 nozzle	300x300x250
Ratrig	RatRig V-Core 3 200	RatRig V-Core 3 200 0.4 nozzle	200x200x200
Ratrig	RatRig V-Core 3 300	RatRig V-Core 3 300 0.4 nozzle	300x300x300
Ratrig	RatRig V-Core 3 400	RatRig V-Core 3 400 0.4 nozzle	400x400x400
Ratrig	RatRig V-Core 3 500	RatRig V-Core 3 500 0.4 nozzle	500x500x500
Ratrig	RatRig V-Core 4 300	RatRig V-Core 4 300 0.4 nozzle	300x300x300
Ratrig	RatRig V-Core 4 400	RatRig V-Core 4 400 0.4 nozzle	400x400x300
Ratrig	RatRig V-Core 4 500	RatRig V-Core 4 500 0.4 nozzle	500x500x500
Ratrig	RatRig V-Core 4 HYBRID 300	RatRig V-Core 4 HYBRID 300 0.4 nozzle	300x300x300
Ratrig	RatRig V-Core 4 HYBRID 400	RatRig V-Core 4 HYBRID 400 0.4 nozzle	400x400x400
Ratrig	RatRig V-Core 4 HYBRID 500	RatRig V-Core 4 HYBRID 500 0.4 nozzle	500x500x500
Ratrig	RatRig V-Minion	RatRig V-Minion 0.4 nozzle	180x180x180
RH3D	E3NG v1.2S	E3NG v1.2S - 0.4 nozzle	232x232x245
RolohaunDesign	Rolohaun Delta Flyer Refit	Rolohaun Delta Flyer Refit 0.4 nozzle	110x110x115
RolohaunDesign	Rook MK1 LDO	Rook MK1 LDO 0.4 nozzle	110x110x111
SecKit	Seckit Go3	SecKit Go3 0.4 nozzle	300x300x275
SecKit	SecKit SK-Tank	SecKit SK-Tank 0.4 nozzle	350x350x400
SeeMeCNC	SeeMeCNC Artemis 300	SeeMeCNC Artemis 0.4 nozzle	290x290x500
SeeMeCNC	SeeMeCNC BOSSdelta 300	SeeMeCNC BOSSdelta 300 0.4 nozzle	300x300x495
SeeMeCNC	SeeMeCNC BOSSdelta 500 0505	SeeMeCNC BOSSdelta 500 0505 0.4 nozzle	500x500x500
SeeMeCNC	SeeMeCNC BOSSdelta 500 0510	SeeMeCNC BOSSdelta 500 0510 0.4 nozzle	500x500x1000
SeeMeCNC	SeeMeCNC BOSSdelta 500 0521	SeeMeCNC BOSSdelta 500 0521 0.4 nozzle	500x500x2100
SeeMeCNC	SeeMeCNC RostockMAX v3.2	SeeMeCNC RostockMAX v3.2 0.4 nozzle	270x270x385
SeeMeCNC	SeeMeCNC RostockMAX v4	SeeMeCNC RostockMAX v4 0.4 nozzle	280x280x385
Snapmaker	Snapmaker A250	Snapmaker A250 (0.4 nozzle)	230x250x230
Snapmaker	Snapmaker A250 BKit	Snapmaker A250 BKit (0.4 nozzle)	230x250x224
Snapmaker	Snapmaker A250 QS+B Kit	Snapmaker A250 QS+B Kit (0.4 nozzle)	230x250x209
Snapmaker	Snapmaker A250 QSKit	Snapmaker A250 QSKit (0.4 nozzle)	230x250x215
Snapmaker	Snapmaker A350	Snapmaker A350 (0.4 nozzle)	320x350x325
Snapmaker	Snapmaker A350 BKit	Snapmaker A350 BKit (0.4 nozzle)	320x350x319
Snapmaker	Snapmaker A350 QS+B Kit	Snapmaker A350 QS+B Kit (0.4 nozzle)	320x350x304
Snapmaker	Snapmaker A350 QSKit	Snapmaker A350 QSKit (0.4 nozzle)	320x350x310
Sovol	Sovol SV01	Sovol SV01 0.4 nozzle	280x240x300
Sovol	Sovol SV01 Pro	Sovol SV01 Pro 0.4 nozzle	280x240x300
Sovol	Sovol SV05	Sovol SV05 0.4 nozzle	220x220x300
Sovol	Sovol SV06	Sovol SV06 0.4 High-Speed nozzle	220x220x250
Sovol	Sovol SV06	Sovol SV06 0.4 nozzle	220x220x250
Sovol	Sovol SV06 ACE	Sovol SV06 ACE 0.4 nozzle	220x220x250
Sovol	Sovol SV06 Plus	Sovol SV06 Plus 0.4 nozzle	300x300x340
Sovol	Sovol SV06 Plus ACE	Sovol SV06 Plus ACE 0.4 nozzle	300x300x350
Sovol	Sovol SV07	Sovol SV07 0.4 nozzle	220x220x250
Sovol	Sovol SV07 Plus	Sovol SV07 Plus 0.4 nozzle	300x300x350
Sovol	Sovol SV08	Sovol SV08 0.4 nozzle	350x350x345
Sovol	Sovol SV08 MAX	Sovol SV08 MAX 0.4 nozzle	500x500x500
Sovol	Sovol Zero	Sovol Zero 0.4 nozzle	152x152x152
Tiertime	Tiertime UP300 HS	Tiertime UP300 HS 0.4 nozzle	207x255x230
Tiertime	Tiertime UP310 Pro	Tiertime UP310 Pro 0.4 nozzle	300x300x300
Tiertime	Tiertime UP400 Pro	Tiertime UP400 Pro 0.4 nozzle	400x350x380
Tiertime	Tiertime UP600 HS	Tiertime UP600 HS 0.4 nozzle	500x400x600
Tronxy	Tronxy X5SA 400 Marlin Firmware	Tronxy X5SA 400 0.4 nozzle	400x400x400
TwoTrees	TwoTrees SK1	TwoTrees SK1 0.4 nozzle	256x256x256
TwoTrees	TwoTrees SP-5 Klipper	TwoTrees SP-5 Klipper 0.4 nozzle	310x310x350
UltiMaker	UltiMaker 2	UltiMaker 2 0.4 nozzle	224x225x212
Vivedino	Troodon 2.0 - Klipper	Troodon 2.0 Klipper 0.4 nozzle	350x350x330
Vivedino	Troodon 2.0 - RRF	Troodon 2.0 RRF 0.4 nozzle	350x350x330
Volumic	EXO42	EXO42 (0.4 nozzle)	420x420x420
Volumic	EXO42 Performance	EXO42 Performance (0.4 nozzle)	420x420x420
Volumic	EXO42 Stage 2	EXO42 Stage 2 (0.4 nozzle)	420x420x420
Volumic	EXO65 Performance	EXO65 Performance (0.4 nozzle)	650x650x650
Volumic	SH65	SH65 (0.4 nozzle)	650x300x300
Volumic	SH65 Performance	SH65 Performance (0.4 nozzle)	650x300x300
Volumic	SH65 Stage 2	SH65 Stage 2 (0.4 nozzle)	650x300x300
Volumic	VS20MK2	VS20MK2 (0.4 nozzle)	200x200x220
Volumic	VS30MK2	VS30MK2 (0.4 nozzle)	300x200x300
Volumic	VS30MK3	VS30MK3 (0.4 nozzle)	300x200x300
Volumic	VS30MK3 Stage 2	VS30MK3 Stage 2 (0.4 nozzle)	300x200x300
Volumic	VS30SC	VS30SC (0.4 nozzle)	300x200x300
Volumic	VS30SC2	VS30SC2 (0.4 nozzle)	300x200x310
Volumic	VS30SC2 Performance	VS30SC2 Performance (0.4 nozzle)	300x200x310
Volumic	VS30SC2 Stage 2	VS30SC2 Stage 2 (0.4 nozzle)	300x200x310
Volumic	VS30ULTRA	VS30ULTRA (0.4 nozzle)	290x200x300
Voron	Voron 0.1	Voron 0.1 0.4 nozzle	120x120x120
Voron	Voron 2.4 250	Voron 2.4 250 0.4 nozzle	250x250x225
Voron	Voron 2.4 300	Voron 2.4 300 0.4 nozzle	300x300x275
Voron	Voron 2.4 350	Voron 2.4 350 0.4 nozzle	350x350x325
Voron	Voron Switchwire 250	Voron Switchwire 250 0.4 nozzle	250x210x240
Voron	Voron Trident 250	Voron Trident 250 0.4 nozzle	250x250x250
Voron	Voron Trident 300	Voron Trident 300 0.4 nozzle	300x300x250
Voron	Voron Trident 350	Voron Trident 350 0.4 nozzle	350x350x250
Voxelab	Voxelab Aquila X2	Voxelab Aquila X2 0.4 nozzle	220x220x250
Vzbot	Vzbot 235 AWD	Vzbot 235 AWD 0.4 nozzle	235x235x200
Vzbot	Vzbot 330 AWD	Vzbot 330 AWD 0.4 nozzle	330x330x400
Wanhao	Wanhao D12-300	Wanhao D12-300 0.4 nozzle	300x300x400
Wanhao France	D12 230 PRO M2 DIRECT	D12 230 PRO M2 DIRECT 0.4 nozzle	230x230x240
Wanhao France	D12 230 PRO M2 MONO DUAL	D12 230 PRO M2 MONO DUAL 0.4 nozzle	230x230x240
Wanhao France	D12 230 PRO M2 MONO DUAL PoopTool	D12 230 PRO M2 MONO DUAL 0.4 nozzle PoopTool	230x230x240
Wanhao France	D12 230 PRO SMARTPAD DIRECT	D12 230 PRO SMARTPAD DIRECT 0.4 nozzle	230x230x240
Wanhao France	D12 230 PRO SMARTPAD MONO DUAL	D12 230 PRO SMARTPAD MONO DUAL 0.4 nozzle	230x230x240
Wanhao France	D12 230 PRO SMARTPAD MONO DUAL PoopTool	D12 230 PRO SMARTPAD MONO DUAL 0.4 nozzle PoopTool	230x230x240
Wanhao France	D12 300 PRO M2 DIRECT	D12 300 PRO M2 DIRECT 0.4 nozzle	300x300x400
Wanhao France	D12 300 PRO M2 MONO DUAL	D12 300 PRO M2 MONO DUAL 0.4 nozzle	300x300x400
Wanhao France	D12 300 PRO M2 MONO DUAL PoopTool	D12 300 PRO M2 MONO DUAL PoopTool 0.4 nozzle	310x310x400
Wanhao France	D12 300 PRO SMARTPAD DIRECT	D12 300 PRO SMARTPAD DIRECT 0.4 nozzle	300x300x400
Wanhao France	D12 300 PRO SMARTPAD MONO DUAL	D12 300 PRO SMARTPAD MONO DUAL 0.4 nozzle	300x300x400
Wanhao France	D12 300 PRO SMARTPAD MONO DUAL PoopTool	D12 300 PRO SMARTPAD MONO DUAL PoopTool 0.4 nozzle	310x310x400
Wanhao France	D12 500 PRO M2 MONO DUAL	D12 500 PRO M2 MONO DUAL 0.4 nozzle	500x500x500
Wanhao France	D12 500 PRO M2 MONO DUAL PoopTool	D12 500 PRO M2 MONO DUAL PoopTool 0.4 nozzle	510x510x500
Wanhao France	D12 500 PRO SMARTPAD DIRECT	D12 500 PRO M2 DIRECT 0.4 nozzle	500x500x500
Wanhao France	D12 500 PRO SMARTPAD DIRECT	D12 500 PRO SMARTPAD DIRECT 0.4 nozzle	500x500x500
Wanhao France	D12 500 PRO SMARTPAD MONO DUAL	D12 500 PRO SMARTPAD MONO DUAL 0.4 nozzle	500x500x500
Wanhao France	D12 500 PRO SMARTPAD MONO DUAL PoopTool	D12 500 PRO SMARTPAD MONO DUAL PoopTool 0.4 nozzle	510x510x500
WEMAKE3D	WEMAKE3D PhoenixProV1	WEMAKE3D PhoenixProV1 0.4mm nozzle	300x300x400
WEMAKE3D	WEMAKE3D TinyBotV1	WEMAKE3D TinyBotV1 0.4mm nozzle	210x210x400
WonderMaker	WonderMaker ZR	WonderMaker ZR 0.4 nozzle	300x300x300
Z-Bolt	Z-Bolt S1000	Z-Bolt S1000 0.4 nozzle	1000x1000x1000
Z-Bolt	Z-Bolt S300	Z-Bolt S300 0.4 nozzle	300x300x350
Z-Bolt	Z-Bolt S400	Z-Bolt S400 0.4 nozzle	400x400x700
Z-Bolt	Z-Bolt S600	Z-Bolt S600 0.4 nozzle	600x600x900
